Ward,Corporator,Contact number,Email
1,A.Ezilarasi,9445467001,ward001@chennaicorporation.gov.in
2,C.Selvam,9445467002,ward002@chennaicorporation.gov.in
3,P.Tamilarasan,9445467003,ward003@chennaicorporation.gov.in
4,S.Saravanan,9445467004,ward004@chennaicorporation.gov.in
5,K.P.Shankar,9445467005,ward005@chennaicorporation.gov.in
6,S.Vincent,9445467006,ward006@chennaicorporation.gov.in
7,T.N.Kalaiarasan,9445467007,ward007@chennaicorporation.gov.in
8,S.Nagamammal,9445467008,ward008@chennaicorporation.gov.in
9,M.Thanaramesh,9445467009,ward009@chennaicorporation.gov.in
10,S.Suryababu,9445467010,ward010@chennaicorporation.gov.in
11,P.Jebarani,9445467011,ward011@chennaicorporation.gov.in
12,R.V.Thanaraj,9445467012,ward012@chennaicorporation.gov.in
13,Prabhakaran,9445467013,ward013@chennaicorporation.gov.in
14,C.Perarasi,9445467014,ward014@chennaicorporation.gov.in
15,K. Vanitha,9445467015,ward015@chennaicorporation.gov.in
16,K.Thangasivam,9445467016,ward016@chennaicorporation.gov.in
17,N.Kavitha,9445467017,ward017@chennaicorporation.gov.in
18,D.Durai,9445467018,ward018@chennaicorporation.gov.in
19,G.Parthiban,9445467019,ward019@chennaicorporation.gov.in
20,A.V.Arumugam,9445467020,ward020@chennaicorporation.gov.in
21,R. Gnanasekar,9445467021,ward021@chennaicorporation.gov.in
22,Umamageshvari,9445467022,ward022@chennaicorporation.gov.in
23,A. Agila,9445467023,ward023@chennaicorporation.gov.in
24,T.T.Subramani,9445467024,ward024@chennaicorporation.gov.in
25,P.Vadhana,9445467025,ward025@chennaicorporation.gov.in
26,D.Velayudham,9445467026,ward026@chennaicorporation.gov.in
27,M.Kannadasan,9445467027,ward027@chennaicorporation.gov.in
28,E.Chnadrasekaran,9445467028,ward028@chennaicorporation.gov.in
29,T.Karikalachozan,9445467029,ward029@chennaicorporation.gov.in
30,T.Dhakshinamurthy,9445467030,ward030@chennaicorporation.gov.in
31,V.Ramani,9445467031,ward031@chennaicorporation.gov.in
32,P.Shankar,9445467032,ward032@chennaicorporation.gov.in
33,I.Shanthi,9445467033,ward033@chennaicorporation.gov.in
34,E.Laxhmi Narayanan,9445467034,ward034@chennaicorporation.gov.in
35,Gnasekar,9445467035,ward035@chennaicorporation.gov.in
36,N.M.Basakaran,9445467036,ward036@chennaicorporation.gov.in
37,J.K.Ramesh,9445467037,ward037@chennaicorporation.gov.in
38,S.Santhanam,9445467038,ward038@chennaicorporation.gov.in
39,N.Sasikala,9445467039,ward039@chennaicorporation.gov.in
40,J.Lalitha,9445467040,ward040@chennaicorporation.gov.in
41,R. Sasireka,9445467041,ward041@chennaicorporation.gov.in
42,S.Anjulaxmi,9445467042,ward042@chennaicorporation.gov.in
43,B.Karthikeyan,9445467043,ward043@chennaicorporation.gov.in
44,Rajisri Vettriventhan,9445467044,ward044@chennaicorporation.gov.in
45,Irudhayarani,9445467045,ward045@chennaicorporation.gov.in
46,D.Saravanan,9445467046,ward046@chennaicorporation.gov.in
47,R.Maduraiveren,9445467047,ward047@chennaicorporation.gov.in
48,R.Poongodi,9445467048,ward048@chennaicorporation.gov.in
49,Ra.Pazhani,9445467049,ward049@chennaicorporation.gov.in
50,S.Sandramathi,9445467050,ward050@chennaicorporation.gov.in
51,B.Vijayakumari,9445467051,ward051@chennaicorporation.gov.in
52,S.Nagaamma,9445467052,ward052@chennaicorporation.gov.in
53,N.V.Ravi,9445467053,ward053@chennaicorporation.gov.in
54,Pratap Kumar,9445467054,ward054@chennaicorporation.gov.in
55,A.Krishnareddy,9445467055,ward055@chennaicorporation.gov.in
56,D.Subash Chandraboss,9445467056,ward056@chennaicorporation.gov.in
57,Arulvel,9445467057,ward057@chennaicorporation.gov.in
58,T.Kalrimuthu,9445467058,ward058@chennaicorporation.gov.in
59,N.Nagamani,9445467059,ward059@chennaicorporation.gov.in
60,H.Seemabashir,9445467060,ward060@chennaicorporation.gov.in
61,M.Moohamud Imthiyas,9445467061,ward061@chennaicorporation.gov.in
62,M.Pandian,9445467062,ward062@chennaicorporation.gov.in
63,Alikan Basir,9445467063,ward063@chennaicorporation.gov.in
64,M.Sundar,9445467064,ward064@chennaicorporation.gov.in
65,Deva Jevakar,9445467065,ward065@chennaicorporation.gov.in
66,V.R.Gayathri,9445467066,ward066@chennaicorporation.gov.in
67,K.Manimegalai,9445467067,ward067@chennaicorporation.gov.in
68,P.Usha,9445467068,ward068@chennaicorporation.gov.in
69,S.Subalaxmi,9445467069,ward069@chennaicorporation.gov.in
70,M.Jeyasri,9445467070,ward070@chennaicorporation.gov.in
71,S.Puspharaj,9445467071,ward071@chennaicorporation.gov.in
72,K.Sivakumar,9445467072,ward072@chennaicorporation.gov.in
73,V.Sugumar,9445467073,ward073@chennaicorporation.gov.in
74,S.Hemamalini,9445467074,ward074@chennaicorporation.gov.in
75,Santhanakrishnan,9445467075,ward075@chennaicorporation.gov.in
76,M.Saroja,9445467076,ward076@chennaicorporation.gov.in
77,B.Kumari,9445467077,ward077@chennaicorporation.gov.in
78,T.Mahizanban,9445467078,ward078@chennaicorporation.gov.in
79,M.Vijayakanthan,9445467079,ward079@chennaicorporation.gov.in
80,G.R.Seenivasan,9445467080,ward080@chennaicorporation.gov.in
81,H.Kumari,9445467081,ward081@chennaicorporation.gov.in
82,Ravi,9445467082,ward082@chennaicorporation.gov.in
83,Ezhilselvi,9445467083,ward083@chennaicorporation.gov.in
84,M.Kandhappan,9445467084,ward084@chennaicorporation.gov.in
85,Joseph Samuvel,9445467085,ward085@chennaicorporation.gov.in
86,M.Guru,9445467086,ward086@chennaicorporation.gov.in
87,M.R.Arumugam,9445467087,ward087@chennaicorporation.gov.in
88,R.Bharathkugan,9445467088,ward088@chennaicorporation.gov.in
89,V.Alexsandar,9445467089,ward089@chennaicorporation.gov.in
90,S.Anrus,9445467090,ward090@chennaicorporation.gov.in
91,B.V.Tamilselvan,9445467091,ward091@chennaicorporation.gov.in
92,K.Nillakandan,9445467092,ward092@chennaicorporation.gov.in
93,K.Velayudham,9445467093,ward093@chennaicorporation.gov.in
94,V.Vasantha,9445467094,ward094@chennaicorporation.gov.in
95,A.Pathima,9445467095,ward095@chennaicorporation.gov.in
96,S.Puspalatha,9445467096,ward096@chennaicorporation.gov.in
97,V.Vasu,9445467097,ward097@chennaicorporation.gov.in
98,M.Rasu,9445467098,ward098@chennaicorporation.gov.in
99,K.Barani,9445467099,ward099@chennaicorporation.gov.in
100,K.Maliga,9445467100,ward100@chennaicorporation.gov.in
101,P.Selvi,9445467101,ward101@chennaicorporation.gov.in
102,Jeevarathinam AliasT.Jeeva,9445467102,ward102@chennaicorporation.gov.in
103,P.Vasugi,9445467103,ward103@chennaicorporation.gov.in
104,Ramani,9445467104,ward104@chennaicorporation.gov.in
105,Sugumarbabu,9445467105,ward105@chennaicorporation.gov.in
106,Venkatesan,9445467106,ward106@chennaicorporation.gov.in
107,D.Kasuthuri,9445467107,ward107@chennaicorporation.gov.in
108,Amirbasha,9445467108,ward108@chennaicorporation.gov.in
109,N.Arumugam,9445467109,ward109@chennaicorporation.gov.in
110,K.Chandrasekaran,9445467110,ward110@chennaicorporation.gov.in
111,U.Karpagam,9445467111,ward111@chennaicorporation.gov.in
112,S.Skathi,9445467112,ward112@chennaicorporation.gov.in
113,P.Shanthi,9445467113,ward113@chennaicorporation.gov.in
114,Moohamud Ali Jinna,9445467114,ward114@chennaicorporation.gov.in
115,Vijayaramakrishnan,9445467115,ward115@chennaicorporation.gov.in
116,P.Seenivasan,9445467116,ward116@chennaicorporation.gov.in
117,Arumugam (A) Chinnaian,9445467117,ward117@chennaicorporation.gov.in
118,Sivaraj,9445467118,ward118@chennaicorporation.gov.in
119,D.Vasantha,9445467119,ward119@chennaicorporation.gov.in
120,B.Mala,9445467120,ward120@chennaicorporation.gov.in
121,A.Noorjakaan,9445467121,ward121@chennaicorporation.gov.in
122,P.Usha,9445467122,ward122@chennaicorporation.gov.in
123,P.Jhoncyrani,9445467123,ward123@chennaicorporation.gov.in
124,J.P.Chandrika,9445467124,ward124@chennaicorporation.gov.in
125,R.Pommi,9445467125,ward125@chennaicorporation.gov.in
126,T.Vijayalaxmi,9445467126,ward126@chennaicorporation.gov.in
127,K.Malairajan,9445467127,ward127@chennaicorporation.gov.in
128,G.Jayanthi,9445467128,ward128@chennaicorporation.gov.in
129,V.Senthilpandi,9445467129,ward129@chennaicorporation.gov.in
130,Sathya Marayanan (A) P.Sathya,9445467130,ward130@chennaicorporation.gov.in
131,M.Gunasekaran,9445467131,ward131@chennaicorporation.gov.in
132,A.Alamelu,9445467132,ward132@chennaicorporation.gov.in
133,Geethalaxmi Elumalai,9445467133,ward133@chennaicorporation.gov.in
134,LIC Manikkam,9445467134,ward134@chennaicorporation.gov.in
135,Badmini Sundaram,9445467135,ward135@chennaicorporation.gov.in
136,Video V.Saravanan,9445467136,ward136@chennaicorporation.gov.in
137,C.Subramani,9445467137,ward137@chennaicorporation.gov.in
138,K.Vidhibalan,9445467138,ward138@chennaicorporation.gov.in
139,N.K.Vatchala,9445467139,ward139@chennaicorporation.gov.in
140,N.Baskaran,9445467140,ward140@chennaicorporation.gov.in
141,R.C.Arumugam,9445467141,ward141@chennaicorporation.gov.in
142,M.M.Babu,9445467142,ward142@chennaicorporation.gov.in
143,I.Nalini,9445467143,ward143@chennaicorporation.gov.in
144,A.Bharath,9445467144,ward144@chennaicorporation.gov.in
145,Benjamin,9445467145,ward145@chennaicorporation.gov.in
146,I.Jeevandham,9445467146,ward146@chennaicorporation.gov.in
147,A.Devadass,9445467147,ward147@chennaicorporation.gov.in
148,M.K.Kumar,9445467148,ward148@chennaicorporation.gov.in
149,K.Dhamodaran,9445467149,ward149@chennaicorporation.gov.in
150,K.Ganapathi,9445467150,ward150@chennaicorporation.gov.in
151,R.Thangam,9445467151,ward151@chennaicorporation.gov.in
152,V.Kasi,9445467152,ward152@chennaicorporation.gov.in
153,K.Latha,9445467153,ward153@chennaicorporation.gov.in
154,Ranjani Rajendren,9445467154,ward154@chennaicorporation.gov.in
155,K.Sekar,9445467155,ward155@chennaicorporation.gov.in
156,P.Govindaraj,9445467156,ward156@chennaicorporation.gov.in
157,M.Pandian,9445467157,ward157@chennaicorporation.gov.in
158,S.Rajasekar,9445467158,ward158@chennaicorporation.gov.in
159,T.Jayanthi,9445467159,ward159@chennaicorporation.gov.in
160,P.Gunalan,9445467160,ward160@chennaicorporation.gov.in
161,C.Vembarasan,9445467161,ward161@chennaicorporation.gov.in
162,P.Muthu,9445467162,ward162@chennaicorporation.gov.in
163,P.Goplakrishnan,9445467163,ward163@chennaicorporation.gov.in
164,N.Parimala,9445467164,ward164@chennaicorporation.gov.in
165,Nareshkumar,9445467165,ward165@chennaicorporation.gov.in
166,V.N.P.Venkataraman,9445467166,ward166@chennaicorporation.gov.in
167,P.Hema,9445467167,ward167@chennaicorporation.gov.in
168,J.Manikandan,9445467168,ward168@chennaicorporation.gov.in
169,P.A.Jeyachandren,9445467169,ward169@chennaicorporation.gov.in
170,R.Sankar,9445467170,ward170@chennaicorporation.gov.in
171,A.Pazhani,9445467171,ward171@chennaicorporation.gov.in
172,G.Kandhan,9445467172,ward172@chennaicorporation.gov.in
173,P.Rajalaxmi,9445467173,ward173@chennaicorporation.gov.in
174,Mohan,9445467174,ward174@chennaicorporation.gov.in
175,S.Kokila,9445467175,ward175@chennaicorporation.gov.in
176,Valliammal,9445467176,ward176@chennaicorporation.gov.in
177,S.Saravanan,9445467177,ward176@chennaicorporation.gov.in
178,Murthy,9445467178,ward178@chennaicorporation.gov.in
179,Murugan,9445467179,ward179@chennaicorporation.gov.in
180,Parvathy,9445467180,ward180@chennaicorporation.gov.in
181,Indarani,9445467181,ward181@chennaicorporation.gov.in
182,Ushakumar,9445467182,ward182@chennaicorporation.gov.in
183,Rajaram,9445467183,ward183@chennaicorporation.gov.in
184,Amudha,9445467184,ward184@chennaicorporation.gov.in
185,Viswanathan,9445467185,ward185@chennaicorporation.gov.in
186,G.M.Janakiraman,9445467186,ward186@chennaicorporation.gov.in
187,Uma,9445467187,ward187@chennaicorporation.gov.in
188,Ponnusamy,9445467188,ward188@chennaicorporation.gov.in
189,C.Rangan,9445467189,ward189@chennaicorporation.gov.in
190,Pannerselvam,9445467190,ward190@chennaicorporation.gov.in
191,Manokaran,9445467191,ward191@chennaicorporation.gov.in
192,Munusamy,9445467192,ward192@chennaicorporation.gov.in
193,T.C.Govindasamy,9445467193,ward193@chennaicorporation.gov.in
194,Baskaran,9445467194,ward194@chennaicorporation.gov.in
195,Punima,9445467195,ward195@chennaicorporation.gov.in
196,Annamalai,9445467196,ward196@chennaicorporation.gov.in
197,N.Sundaram,9445467197,ward197@chennaicorporation.gov.in
198,S.Aravind Ramesh,9445467198,ward198@chennaicorporation.gov.in
199,Kannan,9445467199,ward199@chennaicorporation.gov.in
200,V.Narayanan,9445467200,ward200@chennaicorporation.gov.in
